id,domain,topic,prompt,solution,source
WIN-KB-001,WINDOWS_SERVER,Active Directory / GPO,Windows Server 2022 üzerinde Active Directory kullanıcı hesabı kilitlenmelerini otomatik tespit edip kilidi nasıl açabilirim?,"Active Directory üzerinde kilitlenen hesapları PowerShell ile bulmak ve kilidini açmak için aşağıdaki komutlar kullanılır:

```powershell
# Kilitli olan tüm kullanıcıları listele
Search-ADAccount -LockedOut | Select-Object Name, SamAccountName, DistinguishedName

# Belirli bir kullanıcının kilidini aç
Unlock-ADAccount -Identity ""jdoe""

# Kilitlenmeye sebep olan Event 4740 kayıtlarını Security Event Log'dan sorgula
Get-WinEvent -FilterHashtable @{LogName='Security'; Id=4740} -MaxEvents 5 | Format-List TimeCreated, Message
```",
WIN-KB-002,WINDOWS_SERVER,IIS / Web Server,IIS 10 üzerinde 'HTTP Error 500.19 - Internal Server Error' (HRESULT: 0x8007000d) hatası nasıl çözülür?,"0x8007000d hatası, `web.config` dosyasındaki XML format bozukluğundan veya IIS üzerinde 'URL Rewrite' modülünün yüklü olmamasından kaynaklanır.

```powershell
# 1. URL Rewrite modülünün varlığını kontrol et
Get-WebConfigurationProperty -Filter ""system.webServer/rewrite/rules"" -PSPath ""IIS:\Sites\Default Web Site""

# 2. IIS URL Rewrite modülünü Web Platform Installer veya Chocolatey ile yükle
choco install urlrewrite -y

# 3. IIS servisini yeniden başlat
iisreset /noforce
```",
WIN-KB-003,WINDOWS_SERVER,Security / Event Viewer,Event Viewer Event ID 4625 (Failed Logon) fırtınası analizi nasıl yapılır?,"Event ID 4625, başarısız oturum açma (brute-force veya yanlış servis parolası) girişimlerini gösterir.

```powershell
Get-WinEvent -FilterHashtable @{LogName='Security'; Id=4625} -MaxEvents 50 |
Select-Object TimeCreated,
@{Name='TargetUser';Expression={$_.Properties[5].Value}},
@{Name='WorkstationName';Expression={$_.Properties[11].Value}},
@{Name='IpAddress';Expression={$_.Properties[19].Value}},
@{Name='SubStatus';Expression={$_.Properties[13].Value}} |
Format-Table -AutoSize
```
* `SubStatus 0xC000006A`: Şifre yanlış.
* `SubStatus 0xC0000234`: Hesap kilitli.",
WIN-KB-004,WINDOWS_SERVER,DNS & Network Infrastructure,Windows Server DNS Server servisi yanıt vermiyor ve DNS cache nasıl temizlenir?,"DNS önbelleğini temizlemek ve DNS Server servisini güvenli şekilde yeniden başlatmak için:

```powershell
# DNS sunucu önbelleğini temizle
Clear-DnsServerCache -Force

# DNS Client önbelleğini temizle
Clear-DnsClientCache

# DNS Server servisini yeniden başlat
Restart-Service -Name DNS -Force

# DNS servis durumunu ve port dinlemesini doğrula
Get-Service -Name DNS
Test-NetConnection -ComputerName localhost -Port 53
```",
WIN-KB-005,WINDOWS_SERVER,Storage & Disk Management,Windows Server sanal makinede (Hyper-V / VMware) C: diski genişletme adımları nelerdir?,"Sanal disk boyutu hipervizörde artırıldıktan sonra Windows Server içinde diski genişletmek için:

```powershell
# Disk sürücülerini tara
Update-Disk -DiskNumber 0

# Bölümün maksimum genişletilebilir boyutunu öğren
$MaxSize = (Get-PartitionSupportedSize -DiskNumber 0 -PartitionNumber 2).SizeMax

# C: bölümünü maksimum boyuta genişlet
Resize-Partition -DiskNumber 0 -PartitionNumber 2 -Size $MaxSize
```",
HF-WIN-0001,WINDOWS_SERVER,,"<p>I'm losing my mind, it all started out with the idea of a project where I want an abstract shape (I'm going to call it a stretched cube with an angle), now I know a bit of Vectorworks - a 3D/Architecture drawing program. I found nothing in all the tutorials how to make something low poly but still be able to for example screw the bottom of with a thread for example.</p>

<p>I found numerous shapes I like on Thingiverse but they are all STL files which I've learned so far are hard to edit and make them functionally usable when cross transferring them for one to another program. </p>

<p>Today I gave it another try to find other programs which can give me the result and functionality I want. Thus far I've only found program where you make the shape perfectly and then by using a mesh program like 123make and Meshmixer to then change the outcome of the rendering. But in my case this makes some parts unable to use anymore as example the threading? </p>

<p>So for the question I their a program which I can make a low poly shape (example below) where I still can add holes and threading like you can do with AutoCAD, Vectorworks. </p>

<p>I hope somebody knows how to do this I've been searching and asking around for weeks!!</p>

<p>This is an example of the type of shape I would like to create, <a href=""https://www.google.be/search?q=low%20poly%20vase&amp;espv=2&amp;biw=1567&amp;bih=976&amp;tbm=isch&amp;imgil=s0wM9Yoq8UTF1M%253A%253BNVFfgWtuiEyI8M%253Bhttps%25253A%25252F%25252Fwww.etsy.com%25252Flisting%25252F221563489%25252Fartsy-vases-redux-golden-polygon-modern&amp;source=iu&amp;pf=m&amp;fir=s0wM9Yoq8UTF1M%253A%252CNVFfgWtuiEyI8M%252C_&amp;usg=__9w_ZHPGpome2_nNv4VJ7ZRwwRUw%3D&amp;ved=0ahUKEwiPqO-qpYzMAhUIow4KHY7BDmoQyjcIJg&amp;ei=VJYOV4-uIojGOo6Du9AG#imgrc=s0wM9Yoq8UTF1M%3A"" rel=""nofollow noreferrer"">Low poly vase</a> - mine would be exactly the same but it would be to give you an idea</p>

<p>Example of the thread I would like to implement in the shape above, <a href=""http://www.thingiverse.com/thing:227192"" rel=""nofollow noreferrer"">Tap and Die for 3D printed threads </a></p>
","[{'answer_id': 986, 'author': 'ChristopherB', 'author_id': 1384, 'author_profile': 'https://3dprinting.stackexchange.com/users/1384', 'pm_score': 1, 'selected': False, 'text': '<p>I\'ve had my share of struggles with the issues you\'re having - bridging the software gap between hard-edge, parametric modeling tools (typically CAD) and more free-form, \'soft\'/organic, modeling tools. It\'s not a trivial task to work across both domains simultaneously.</p>\n\n<p>The simplest workflow I\'ve developed is:</p>\n\n<ol>\n<li>Create a simple CAD model of parts of the object you\'re trying to make that have mechanical/precision features (e.g. threaded screw holes, joints) in a CAD program (e.g. AutoCAD, Inventor, Solidworks, Fusion 360).</li>\n<li>Export a high-precision STL of those parts</li>\n<li>Create/generate the \'soft\'/organic portions of the model in your software suite of choice (e.g. Blender, Maya)</li>\n<li>Export an OBJ file (or STL, if the option is available) of the \'soft\' parts</li>\n<li>Import both sets of parts into <a href=""http://www.meshmixer.com/"" rel=""nofollow"">Meshmixer</a> and combine them there.</li>\n<li>Export to a single, combined STL</li>\n<li>(Optional) Pass the \'end product\' STL through a model ""fixer"" - I quite like the <a href=""https://modelrepair.azurewebsites.net/"" rel=""nofollow"">Microsoft Model Repair Service</a></li>\n</ol>\n\n<p>Meshmixer is a powerful but poorly documented tool. In my experience, it\'s capable of accomplishing most of the basic ""fixes"" most models need in preparation for 3d-printing. It is possible to do some amount of sculpting/organic modeling within Meshmixer itself but you\'ll probably find it inferior in that regard to other software suites, if you know how to use them.</p>\n'}, {'answer_id': 1001, 'author': 'EvilTeach', 'author_id': 1397, 'author_profile': 'https://3dprinting.stackexchange.com/users/1397', 'pm_score': 1, 'selected': False, 'text': '<p>If you have some programming background, take a look at <a href=""http://www.openscad.org/"" rel=""nofollow"">OpenScad</a>.   It allows you to model using a functional programming language.  Basically all of the customizer models on Thingiverse are written in openscad.  My gut says you can use the poly command to string together a bunch of polygons to do what you want.</p>\n'}, {'answer_id': 1011, 'author': 'Hassan M', 'author_id': 1416, 'author_profile': 'https://3dprinting.stackexchange.com/users/1416', 'pm_score': 2, 'selected': False, 'text': ""<p>Yes, you can accomplish threading easily with something like 3Ds Max, Blender, Maya etc. I use Maya personally so, in Maya, all you have to do is:</p>\n\n<ol>\n<li>Create a cylinder. This will be the main body of your 'screw'.</li>\n<li>To make the thread, you need to create a helix primitive. You can edit the number of coils and the coil thickness in the Maya GUI.</li>\n<li>Once you have the thread, it is a simple matter of performing a couple of boolean operations. The first boolean (union) operation will unite the screw made in step 1 with the thread made in step 2. The second boolean (subtract) operation will cut out the thread from the object within which you want your screw to be driven into. When you print the two models, you should find that the screw nicely turns into the object from which you cut out the thread.</li>\n</ol>\n\n<p>The point is: yes, it is easy to do such things in most 3D software packages. Maya comes with a nice selection of default objects you can use, so essentially you need to do no 'modeling' yourself to create something like the example you showed us.</p>\n\n<p>Your next question, about editing models on Thingiverse. The reason why you cannot edit them easily is because most models there have been decimated and triangulated, which makes them very difficult to reshape or edit because the topology is no longer strictly manifold -- it is just a big mess of triangles! </p>\n\n<p>If you want to edit Thingiverse models, I recommend something like ZBrush. You can import triangulated models and then rebuild the geometry into quads (using DynaMesh, for example), which you can then edit to your liking. Once done, you can simply decimate and re-export as STL or whatever extension you need.</p>\n\n<p>Finally, low/high poly is not so relevant in 3D print outs, especially in mechanically functioning parts. This is because most models are created in high resolution (high polygon count) and then decimated + triangulated down to truncate file sizes. But the functionality and physical feel of the model should not change due to this process - it just takes practice and lots of experimentation.</p>\n\n<p>Hope this helps :)</p>\n\n<p>Hassan</p>\n""}]",HuggingFaceH4/stack-exchange-preferences
